City_ID,City,Lat,Lng,Max Temp,Humidity,Cloudiness,Wind Speed,Country,Date
0,Saint George,37.1041,-113.5841,77.95,8,98,3.0,US,2022-04-27 02:59:05
1,Rikitea,-23.1203,-134.9692,77.81,75,100,20.96,PF,2022-04-27 02:59:06
2,Tuktoyaktuk,69.4541,-133.0374,15.8,86,75,6.91,CA,2022-04-27 02:59:06
3,Alofi,-19.0595,-169.9187,78.69,78,100,8.05,NU,2022-04-27 02:59:07
4,Elko,41.0002,-115.5012,59.23,28,100,4.0,US,2022-04-27 02:59:07
5,Rio De Janeiro,-22.9028,-43.2075,76.96,88,0,4.61,BR,2022-04-27 02:55:01
6,Bluff,-46.6,168.3333,56.8,66,24,7.4,NZ,2022-04-27 02:59:08
7,Atuona,-9.8,-139.0333,78.91,76,20,22.39,PF,2022-04-27 02:59:08
8,Avarua,-21.2078,-159.775,84.25,74,20,8.05,CK,2022-04-27 02:59:09
9,Yellowknife,62.456,-114.3525,46.92,46,40,5.75,CA,2022-04-27 02:59:09
10,Punta Arenas,-53.15,-70.9167,39.31,65,40,8.05,CL,2022-04-27 02:59:10
11,Bilma,18.6853,12.9164,82.98,10,0,10.07,NE,2022-04-27 02:59:10
12,Bayir,37.2687,28.2167,48.72,68,92,3.11,TR,2022-04-27 02:59:10
13,Port Lincoln,-34.7333,135.8667,67.69,68,65,8.3,AU,2022-04-27 02:59:11
14,Merauke,-8.4667,140.3333,85.42,69,70,4.74,ID,2022-04-27 02:59:11
15,Saldanha,-33.0117,17.9442,48.25,77,0,9.13,ZA,2022-04-27 02:59:11
16,East London,-33.0153,27.9116,62.04,71,93,9.64,ZA,2022-04-27 02:56:36
17,Hovd,48.0056,91.6419,43.72,31,72,4.32,MN,2022-04-27 02:59:12
18,Bambanglipuro,-7.95,110.2833,86.38,65,100,1.25,ID,2022-04-27 02:59:12
19,Castro,-24.7911,-50.0119,61.45,91,36,3.6,BR,2022-04-27 02:59:13
20,Krasnovishersk,60.4078,57.082,39.9,100,100,0.54,RU,2022-04-27 02:59:13
21,Ushuaia,-54.8,-68.3,38.86,45,75,19.57,AR,2022-04-27 02:59:13
22,Visby,57.6409,18.296,35.82,86,75,3.44,SE,2022-04-27 02:59:14
23,Port Alfred,-33.5906,26.891,55.18,92,41,1.01,ZA,2022-04-27 02:59:14
24,Cape Town,-33.9258,18.4232,57.9,78,0,9.22,ZA,2022-04-27 02:57:47
25,Saskylakh,71.9167,114.0833,17.8,81,96,3.78,RU,2022-04-27 02:59:15
26,Makkaveyevo,51.7533,113.9454,43.81,20,20,7.4,RU,2022-04-27 02:59:15
27,Puerto Ayora,-0.7393,-90.3518,72.32,87,15,4.63,EC,2022-04-27 02:59:16
28,Tiksi,71.6872,128.8694,9.45,88,44,2.89,RU,2022-04-27 02:59:16
29,Atar,20.5169,-13.0499,70.23,39,0,8.12,MR,2022-04-27 02:59:16
30,Victoria,22.2855,114.1577,88.97,70,0,7.0,HK,2022-04-27 02:56:18
31,Thompson,55.7435,-97.8558,35.76,30,0,4.61,CA,2022-04-27 02:59:17
32,Bredasdorp,-34.5322,20.0403,52.39,85,0,3.69,ZA,2022-04-27 02:59:17
33,Jati,24.3539,68.2671,85.28,59,0,15.95,PK,2022-04-27 02:59:18
34,Uusikaupunki,60.8004,21.4084,33.39,68,47,6.64,FI,2022-04-27 02:54:32
35,Komsomolskiy,40.4272,71.7189,61.52,82,75,9.22,UZ,2022-04-27 02:59:18
36,Bubaque,11.2833,-15.8333,78.57,73,13,6.8,GW,2022-04-27 02:59:19
37,Ust-Omchug,61.15,149.6333,21.22,73,100,7.45,RU,2022-04-27 02:59:19
38,Vaini,-21.2,-175.2,78.96,65,20,13.8,TO,2022-04-27 02:59:19
39,Ahipara,-35.1667,173.1667,66.76,56,40,9.08,NZ,2022-04-27 02:59:20
40,Butaritari,3.0707,172.7902,81.32,81,100,17.36,KI,2022-04-27 02:59:20
41,Kavieng,-2.5744,150.7967,86.09,66,21,14.88,PG,2022-04-27 02:59:21
42,Tasiilaq,65.6145,-37.6368,22.69,90,85,4.88,GL,2022-04-27 02:59:21
43,Isangel,-19.55,169.2667,79.41,58,100,15.64,VU,2022-04-27 02:59:22
44,Yakeshi,49.2833,120.7333,41.79,27,86,15.55,CN,2022-04-27 02:59:22
45,Vao,-22.6667,167.4833,74.97,58,100,19.53,NC,2022-04-27 02:59:23
46,Mangai,-4.05,19.5333,67.84,99,100,1.77,CD,2022-04-27 02:59:23
47,Khatanga,71.9667,102.5,20.75,82,99,11.03,RU,2022-04-27 03:00:30
48,Mataura,-46.1927,168.8643,56.48,86,73,3.51,NZ,2022-04-27 03:00:37
49,Busselton,-33.65,115.3333,63.93,62,34,11.72,AU,2022-04-27 03:00:43
50,Mocajuba,-2.5842,-49.5072,72.9,99,100,3.31,BR,2022-04-27 03:00:50
51,Albany,42.6001,-73.9662,48.94,86,100,8.01,US,2022-04-27 02:56:08
52,Kapaa,22.0752,-159.319,80.58,78,40,11.5,US,2022-04-27 03:00:54
53,Upernavik,72.7868,-56.1549,26.4,77,100,4.81,GL,2022-04-27 03:01:04
54,Berlevag,70.8578,29.0864,21.2,73,100,31.47,NO,2022-04-27 03:01:10
55,Hilo,19.7297,-155.09,81.28,83,75,9.22,US,2022-04-27 02:59:18
56,Koumac,-20.5667,164.2833,80.94,53,89,4.81,NC,2022-04-27 03:01:11
57,Paamiut,61.994,-49.6678,34.88,96,100,30.82,GL,2022-04-27 03:01:12
58,Hermanus,-34.4187,19.2345,51.8,82,0,9.86,ZA,2022-04-27 03:01:12
59,Windhoek,-22.5594,17.0832,56.1,61,27,2.95,NA,2022-04-27 03:01:13
60,Novikovo,51.1537,37.8879,49.95,94,0,6.53,RU,2022-04-27 03:01:13
61,Gisborne,-38.6533,178.0042,61.47,69,52,13.42,NZ,2022-04-27 03:01:14
62,Hobart,-42.8794,147.3294,62.26,79,75,5.75,AU,2022-04-27 03:00:13
63,Esperance,-33.8667,121.9,58.84,56,83,6.2,AU,2022-04-27 03:01:14
64,Faanui,-16.4833,-151.75,83.07,69,70,21.56,PF,2022-04-27 03:01:15
65,Souris,49.6172,-100.2612,24.96,89,6,11.34,CA,2022-04-27 03:01:15
66,Biak,-0.9131,122.8766,77.27,91,100,7.43,ID,2022-04-27 03:01:15
67,Comarapa,-17.9,-64.4833,58.03,97,90,4.99,BO,2022-04-27 03:01:16
68,Arvika,59.6553,12.5852,30.81,57,100,4.14,SE,2022-04-27 03:01:16
69,Saint-Philippe,-21.3585,55.7679,72.99,83,43,6.67,RE,2022-04-27 03:01:17
70,Carnarvon,-24.8667,113.6333,73.08,55,77,17.02,AU,2022-04-27 03:01:17
71,Tessalit,20.1986,1.0114,72.07,23,0,7.05,ML,2022-04-27 03:01:18
72,Norman Wells,65.282,-126.8329,41.04,56,20,13.8,CA,2022-04-27 02:57:27
73,Waingapu,-9.6567,120.2641,83.97,63,100,7.07,ID,2022-04-27 03:01:18
74,Husavik,66.0449,-17.3389,36.68,99,100,7.16,IS,2022-04-27 03:01:19
75,Calafell,41.2,1.5683,60.55,72,97,3.0,ES,2022-04-27 03:01:19
76,Shimoda,34.6667,138.95,69.17,95,100,13.69,JP,2022-04-27 03:01:20
77,Bowen,-20.0167,148.2333,79.83,72,31,17.0,AU,2022-04-27 03:00:59
78,Maun,-19.9833,23.4167,69.01,66,32,10.11,BW,2022-04-27 03:01:20
79,Miyako,39.6367,141.9525,61.74,48,100,4.94,JP,2022-04-27 03:01:21
80,Tuatapere,-46.1333,167.6833,55.09,79,66,6.06,NZ,2022-04-27 03:01:21
81,Kaihua,23.3687,104.28,81.39,39,0,11.56,CN,2022-04-27 03:01:21
82,Phan Thiet,10.9333,108.1,90.32,56,23,5.5,VN,2022-04-27 02:57:05
83,Kruisfontein,-34.0033,24.7314,51.62,79,5,4.38,ZA,2022-04-27 03:01:22
84,Havre-Saint-Pierre,50.2334,-63.5986,35.96,100,100,2.3,CA,2022-04-27 03:00:07
85,Diffa,13.3154,12.6113,83.41,16,57,9.04,NE,2022-04-27 03:01:23
86,Progreso,21.2833,-89.6667,80.11,80,24,14.74,MX,2022-04-27 03:01:23
87,Qaanaaq,77.484,-69.3632,11.41,61,44,8.46,GL,2022-04-27 03:01:24
88,Ikom,5.9667,8.7063,76.26,91,97,1.23,NG,2022-04-27 03:01:24
89,La Peca,-5.6111,-78.435,68.65,85,32,3.6,PE,2022-04-27 03:01:25
90,Grand Gaube,-20.0064,57.6608,73.38,79,15,1.99,MU,2022-04-27 03:01:25
91,Rocha,-34.4833,-54.3333,69.73,89,100,18.1,UY,2022-04-27 02:57:37
92,Sinnamary,5.3833,-52.95,78.06,89,100,6.76,GF,2022-04-27 03:01:26
93,Azle,32.8951,-97.5459,66.54,67,0,6.91,US,2022-04-27 03:02:26
94,Guatire,10.4762,-66.5427,78.69,97,100,1.3,VE,2022-04-27 03:02:27
95,Marsa Matruh,31.3525,27.2453,62.29,66,0,2.93,EG,2022-04-27 03:02:27
96,Platonovka,52.7106,41.952,52.75,90,1,5.06,RU,2022-04-27 03:02:28
97,Barrow,71.2906,-156.7887,10.42,85,100,12.66,US,2022-04-27 03:01:07
98,Adrar,20.5022,-10.0711,67.71,39,0,11.34,MR,2022-04-27 03:02:24
99,New Norfolk,-42.7826,147.0587,61.92,75,100,1.97,AU,2022-04-27 03:02:28
100,Wasilla,61.5814,-149.4394,58.55,33,40,6.91,US,2022-04-27 03:02:29
101,Baker City,44.7749,-117.8344,42.6,73,63,5.06,US,2022-04-27 03:02:29
102,Evensk,61.95,159.2333,30.67,94,97,1.86,RU,2022-04-27 03:02:30
103,Airai,-8.9266,125.4092,74.98,53,99,1.99,TL,2022-04-27 03:02:30
104,Port Said,31.2565,32.2841,66.18,69,64,7.31,EG,2022-04-27 03:02:30
105,Kaitangata,-46.2817,169.8464,54.27,78,83,5.21,NZ,2022-04-27 03:02:31
106,Ihosy,-22.4,46.1167,68.25,92,100,12.06,MG,2022-04-27 03:02:31
107,Katsuura,35.1333,140.3,71.62,84,100,27.16,JP,2022-04-27 03:02:32
108,Olafsvik,64.8945,-23.7142,42.31,77,92,3.4,IS,2022-04-27 03:02:32
109,Kaberamaido,1.7389,33.1594,66.15,96,100,5.1,UG,2022-04-27 03:02:32
110,College Station,30.628,-96.3344,66.6,75,0,3.44,US,2022-04-27 03:02:29
111,Sabla,12.7525,4.7077,82.87,14,30,6.55,NG,2022-04-27 03:02:33
112,Abu Kamal,34.4506,40.9171,69.46,59,66,5.93,SY,2022-04-27 03:02:33
113,Vardo,70.3705,31.1107,21.65,68,99,30.74,NO,2022-04-27 03:02:34
114,Rawson,-43.3002,-65.1023,50.58,31,73,16.96,AR,2022-04-27 03:01:44
115,Mana,5.6592,-53.7767,77.58,91,99,6.31,GF,2022-04-27 03:02:35
116,Havoysund,70.9963,24.6622,21.43,75,100,24.4,NO,2022-04-27 03:02:35
117,Klaksvik,62.2266,-6.589,34.72,65,85,6.98,FO,2022-04-27 02:58:51
118,Moose Factory,51.2585,-80.6094,17.91,84,100,12.21,CA,2022-04-27 03:02:36
119,Capoterra,39.1763,8.9718,55.53,88,0,4.61,IT,2022-04-27 03:02:36
120,Podyuga,61.095,40.8647,34.0,92,100,7.76,RU,2022-04-27 03:02:38
121,Warrington,53.3925,-2.5802,45.27,82,100,6.91,GB,2022-04-27 03:02:38
122,Aguimes,27.9054,-15.4461,61.43,72,40,21.85,ES,2022-04-27 03:02:39
123,Rio Grande,-32.035,-52.0986,68.95,90,54,17.92,BR,2022-04-27 03:00:38
124,Dingle,10.9995,122.6711,86.22,69,100,10.54,PH,2022-04-27 03:02:39
125,Lethem,3.3803,-59.7968,78.31,84,100,1.9,GY,2022-04-27 03:02:40
126,Bontang,0.1333,117.5,81.19,85,100,6.02,ID,2022-04-27 03:02:41
127,Eregli,37.5133,34.0467,56.46,25,84,2.08,TR,2022-04-27 03:02:41
128,Taoudenni,22.6783,-3.9836,73.62,27,0,10.6,ML,2022-04-27 03:02:42
129,Arraial Do Cabo,-22.9661,-42.0278,75.29,91,1,15.75,BR,2022-04-27 03:02:42
130,Zhigansk,66.7697,123.3711,21.61,80,28,15.41,RU,2022-04-27 03:02:43
131,Okhotsk,59.3833,143.3,31.42,74,93,4.21,RU,2022-04-27 03:02:44
132,Guerrero Negro,27.9769,-114.0611,62.33,80,7,13.4,MX,2022-04-27 03:02:44
133,Torbay,47.6666,-52.7314,35.76,96,100,6.91,CA,2022-04-27 03:02:45
134,Pavlovskaya Sloboda,55.8156,37.0828,48.11,87,87,4.38,RU,2022-04-27 03:02:45
135,Dikson,73.5069,80.5464,16.63,87,95,11.86,RU,2022-04-27 03:02:46
136,Mahebourg,-20.4081,57.7,73.26,80,22,8.41,MU,2022-04-27 03:02:47
137,Zeya,53.75,127.2667,44.01,29,100,8.68,RU,2022-04-27 03:02:47
138,Mantua,45.1667,10.7833,52.84,90,8,3.2,IT,2022-04-27 03:01:10
139,Lakatoro,-16.0999,167.4164,81.82,70,95,14.92,VU,2022-04-27 03:02:48
140,Goderich,43.7501,-81.7165,36.91,96,97,17.05,CA,2022-04-27 03:01:42
141,Makakilo City,21.3469,-158.0858,79.12,61,40,13.8,US,2022-04-27 03:01:40
142,Asau,46.4333,26.4,48.96,100,83,1.21,RO,2022-04-27 03:03:49
143,Arica,-18.475,-70.3042,65.53,84,100,2.68,CL,2022-04-27 03:02:37
144,Port Elizabeth,-33.918,25.5701,56.46,88,35,5.82,ZA,2022-04-27 03:03:49
145,Camacha,33.0833,-16.3333,56.62,82,20,6.91,PT,2022-04-27 03:03:50
146,Longyearbyen,78.2186,15.6401,1.24,60,40,9.22,SJ,2022-04-27 03:01:41
147,Nikolskoye,59.7035,30.7861,34.88,93,63,4.05,RU,2022-04-27 03:03:50
148,Kodiak,57.79,-152.4072,51.31,43,75,13.8,US,2022-04-27 03:01:49
149,Muros,42.7762,-9.0603,50.85,95,11,6.58,ES,2022-04-27 03:03:51
150,Provideniya,64.3833,-173.3,26.71,80,75,8.95,RU,2022-04-27 03:03:51
151,Hervey Bay,-25.2986,152.8535,80.02,59,55,5.99,AU,2022-04-27 03:03:52
152,Lapeer,43.0514,-83.3188,36.21,93,100,10.36,US,2022-04-27 03:03:52
153,Grindavik,63.8424,-22.4338,41.47,87,0,3.44,IS,2022-04-27 03:03:53
154,Port Hardy,50.6996,-127.4199,43.34,83,96,4.5,CA,2022-04-27 03:00:27
155,Codrington,-38.2667,141.9667,68.83,56,91,15.12,AU,2022-04-27 03:03:54
156,Sambava,-14.2667,50.1667,71.29,82,68,5.19,MG,2022-04-27 03:03:54
157,Clovis,36.8252,-119.7029,73.29,39,40,12.66,US,2022-04-27 03:01:46
158,Cherskiy,68.75,161.3,32.63,98,82,6.51,RU,2022-04-27 03:03:54
159,Souillac,-20.5167,57.5167,74.61,84,20,7.74,MU,2022-04-27 03:01:19
160,Aklavik,68.2191,-135.0107,30.25,89,100,7.67,CA,2022-04-27 03:03:55
161,Vestmannaeyjar,63.4427,-20.2734,45.81,78,99,3.83,IS,2022-04-27 03:03:55
162,Ciney,50.2945,5.1002,38.57,89,9,4.18,BE,2022-04-27 03:03:56
163,Brae,60.3964,-1.353,40.17,67,93,4.99,GB,2022-04-27 03:03:56
164,Tawang,27.5833,91.8667,56.44,52,35,5.39,IN,2022-04-27 03:03:57
165,Ipixuna,-1.7625,-48.8043,73.6,97,100,1.07,BR,2022-04-27 03:03:57
166,Kampene,-3.6,26.6667,67.95,100,100,2.86,CD,2022-04-27 03:03:57
167,Batsfjord,70.6345,29.7185,17.38,92,100,27.63,NO,2022-04-27 03:03:58
168,Ulaangom,49.9811,92.0667,44.49,19,100,3.85,MN,2022-04-27 03:03:58
169,Monrovia,6.3005,-10.7969,80.11,86,99,5.53,LR,2022-04-27 03:02:42
170,Lebu,-37.6167,-73.65,49.87,85,74,13.65,CL,2022-04-27 03:03:59
171,Bathsheba,13.2167,-59.5167,77.85,85,100,9.62,BB,2022-04-27 03:03:22
172,Gairo,39.8497,9.5047,48.27,57,4,3.42,IT,2022-04-27 03:03:59
173,Takoradi,4.8845,-1.7554,79.41,88,100,9.06,GH,2022-04-27 03:02:41
174,Hithadhoo,-0.6,73.0833,84.34,73,99,5.28,MV,2022-04-27 03:04:00
175,Anadyr,64.75,177.4833,30.7,100,100,22.37,RU,2022-04-27 03:04:00
176,Mayya,61.7333,130.2811,33.12,58,99,7.65,RU,2022-04-27 03:04:01
177,Tura,25.5198,90.2201,83.82,65,12,6.51,IN,2022-04-27 03:04:01
178,Touros,-5.1989,-35.4608,75.87,87,6,10.54,BR,2022-04-27 03:04:01
179,Abeche,13.8292,20.8324,83.43,23,71,2.3,TD,2022-04-27 03:04:02
180,Bahia Blanca,-38.7196,-62.2724,60.28,41,72,13.89,AR,2022-04-27 03:04:02
181,Domoni,-12.2569,44.5319,79.36,84,78,2.62,KM,2022-04-27 03:04:03
182,Chokurdakh,70.6333,147.9167,15.66,90,100,10.98,RU,2022-04-27 03:04:03
183,Port Blair,11.6667,92.75,84.29,74,100,5.53,IN,2022-04-27 03:04:04
184,Shitkino,56.3703,98.3543,36.5,57,100,9.69,RU,2022-04-27 03:05:43
185,Coahuayana,18.7333,-103.6833,71.83,81,2,0.65,MX,2022-04-27 03:05:44
186,Ust-Nera,64.5667,143.2,22.32,77,100,4.99,RU,2022-04-27 03:05:44
187,Barra Do Garcas,-15.89,-52.2567,74.73,60,21,0.38,BR,2022-04-27 03:05:45
188,Santa Rosa,14.3122,121.1114,93.18,72,55,13.67,PH,2022-04-27 03:05:45
189,Camargo,27.6667,-105.1667,71.96,46,99,14.83,MX,2022-04-27 03:05:45
190,Puerto Del Rosario,28.5004,-13.8627,62.35,77,0,12.66,ES,2022-04-27 03:05:46
191,Chuy,-33.6971,-53.4616,69.21,91,100,14.76,UY,2022-04-27 03:05:46
192,Forestville,38.8451,-76.875,59.16,86,40,6.91,US,2022-04-27 03:05:47
193,Xining,36.6167,101.7667,46.02,65,100,10.31,CN,2022-04-27 03:05:47
194,Cap Malheureux,-19.9842,57.6142,73.47,79,14,11.16,MU,2022-04-27 03:05:47
195,Hami,42.8,93.45,59.67,38,45,4.03,CN,2022-04-27 03:05:48
196,Fairbanks,64.8378,-147.7164,49.96,40,75,3.44,US,2022-04-27 03:03:59
197,El Tigre,8.8875,-64.2454,74.17,90,100,10.4,VE,2022-04-27 03:05:48
198,Padang,-0.9492,100.3543,87.85,67,28,3.69,ID,2022-04-27 03:01:27
199,Bambous Virieux,-20.3428,57.7575,73.22,80,28,8.05,MU,2022-04-27 03:05:49
200,Fortuna,40.5982,-124.1573,51.66,79,20,12.66,US,2022-04-27 03:05:49
201,Ostrovnoy,68.0531,39.5131,17.85,88,68,26.15,RU,2022-04-27 03:05:49
202,Flinders,-34.5833,150.8552,68.18,90,100,8.99,AU,2022-04-27 03:05:50
203,Margate,51.3813,1.3862,47.7,76,92,5.01,GB,2022-04-27 03:02:17
204,Turukhansk,65.8167,87.9833,30.22,81,77,8.86,RU,2022-04-27 03:05:50
205,Odweyne,9.4092,45.064,74.7,66,92,3.96,SO,2022-04-27 03:05:51
206,Bentiu,9.2333,29.8333,81.7,41,81,4.07,SS,2022-04-27 03:05:51
207,Chara,56.9064,118.2631,31.84,45,53,6.24,RU,2022-04-27 03:05:51
208,Ganzhou,28.8184,115.4327,75.58,82,71,8.14,CN,2022-04-27 03:03:12
209,Kovdor,67.5662,30.4758,17.96,60,57,11.68,RU,2022-04-27 03:05:52
210,Pergamino,-33.89,-60.5736,74.17,93,1,12.1,AR,2022-04-27 03:01:11
211,Aksarka,66.5606,67.7975,34.0,100,100,13.53,RU,2022-04-27 03:01:14
212,Akdagmadeni,39.6603,35.8836,52.59,66,85,1.48,TR,2022-04-27 03:05:53
213,Changping,40.2186,116.2197,49.64,16,97,7.56,CN,2022-04-27 03:05:53
214,Igdir,39.9237,44.045,59.99,55,40,9.22,TR,2022-04-27 03:05:53
215,Tornio,65.8481,24.1466,21.22,73,3,3.51,FI,2022-04-27 03:05:54
216,Zacatelco,19.2153,-98.2389,60.08,65,97,10.04,MX,2022-04-27 03:05:54
217,Bengkulu,-3.8004,102.2655,84.52,70,58,4.27,ID,2022-04-27 03:05:55
218,Severo-Kurilsk,50.6789,156.125,33.73,78,100,12.93,RU,2022-04-27 03:05:55
219,Sisimiut,66.9395,-53.6735,32.4,94,100,9.24,GL,2022-04-27 03:05:55
220,Te Anau,-45.4167,167.7167,57.18,64,52,1.88,NZ,2022-04-27 03:05:55
221,Pisco,-13.7,-76.2167,67.01,88,0,10.36,PE,2022-04-27 03:05:56
222,Yantal,56.8471,105.2542,34.41,96,100,7.07,RU,2022-04-27 03:05:56
223,Wad Rawah,15.1603,33.1397,86.45,11,65,10.27,SD,2022-04-27 03:05:56
224,Geraldton,-28.7667,114.6,66.61,77,75,18.41,AU,2022-04-27 03:02:34
225,Vicente Guerrero,19.1194,-98.1708,59.85,64,94,9.13,MX,2022-04-27 03:05:57
226,Pevek,69.7008,170.3133,35.08,69,100,22.53,RU,2022-04-27 03:05:57
227,Kahului,20.8947,-156.47,77.97,86,57,15.99,US,2022-04-27 03:03:39
228,Fredericksburg,38.3032,-77.4605,58.01,93,100,0.0,US,2022-04-27 03:04:46
229,Beloha,-25.1667,45.05,71.58,91,100,11.74,MG,2022-04-27 03:05:58
230,Iskilip,40.7353,34.4739,56.44,53,100,5.99,TR,2022-04-27 03:06:58
231,Clyde River,70.4692,-68.5914,3.11,96,97,7.74,CA,2022-04-27 03:06:59
232,Lorengau,-2.0226,147.2712,83.23,80,94,9.01,PG,2022-04-27 03:06:59
233,Kodinsk,58.6881,99.1844,35.13,77,90,9.31,RU,2022-04-27 03:07:00
234,Santo Domingo,18.5001,-69.9886,75.04,83,20,9.22,DO,2022-04-27 03:06:39
235,Okmulgee,35.6234,-95.9605,56.08,66,0,0.0,US,2022-04-27 03:07:00
236,Gouyave,12.1646,-61.7296,75.97,94,20,0.0,GD,2022-04-27 03:07:01
237,Qasigiannguit,68.8193,-51.1922,37.65,79,100,8.88,GL,2022-04-27 03:07:01
238,Honningsvag,70.9821,25.9704,20.95,79,75,27.63,NO,2022-04-27 03:07:01
239,Kapiri Mposhi,-13.9652,28.6809,58.53,92,56,7.05,ZM,2022-04-27 03:07:02
240,Govindgarh,27.5,76.9833,94.93,11,0,4.27,IN,2022-04-27 03:07:02
241,Cukai,4.25,103.4167,87.17,68,14,5.21,MY,2022-04-27 03:07:03
242,Rovaniemi,66.5,25.7167,20.61,68,0,3.44,FI,2022-04-27 03:07:03
243,Ahuimanu,21.4447,-157.8378,80.31,69,0,13.8,US,2022-04-27 03:07:04
244,Nemuro,43.3236,145.575,48.4,82,100,16.89,JP,2022-04-27 03:07:04
245,Amahai,-3.3333,128.9167,85.91,69,94,4.88,ID,2022-04-27 03:07:04
246,Acarau,-2.8856,-40.12,77.04,85,98,10.49,BR,2022-04-27 03:07:05
247,Sitka,57.0531,-135.33,46.29,71,40,16.11,US,2022-04-27 03:07:05
248,Sao Filipe,14.8961,-24.4956,73.08,69,4,13.29,CV,2022-04-27 03:07:05
249,Labuhan,-6.8844,112.2051,85.42,68,100,3.47,ID,2022-04-27 03:07:06
250,Obera,-27.4871,-55.1199,77.43,72,4,8.08,AR,2022-04-27 03:07:06
251,Ormara,25.2088,64.6357,82.36,79,0,11.36,PK,2022-04-27 03:07:07
252,Trier,49.7557,6.6394,45.43,95,47,3.47,DE,2022-04-27 03:07:07
253,Kosa,59.9445,54.9977,43.61,94,100,3.27,RU,2022-04-27 03:07:08
254,Upata,8.0086,-62.3989,73.06,95,100,1.57,VE,2022-04-27 03:07:08
255,Samarai,-10.6167,150.6667,84.11,72,97,2.68,PG,2022-04-27 03:07:09
256,Coquimbo,-29.9533,-71.3436,61.34,77,1,2.64,CL,2022-04-27 03:02:22
257,Yambio,4.5721,28.3955,66.27,96,100,4.79,SS,2022-04-27 03:07:09
258,Rivne,50.6231,26.2274,41.79,91,85,4.92,UA,2022-04-27 03:06:20
259,Oktyabrskiy,54.4815,53.471,56.89,65,99,15.35,RU,2022-04-27 03:07:10
260,Ponta Do Sol,32.6667,-17.1,63.23,64,0,2.71,PT,2022-04-27 03:07:10
261,Mezen,65.8522,44.24,23.74,72,100,10.2,RU,2022-04-27 03:07:11
262,Jamestown,42.097,-79.2353,41.02,65,100,13.8,US,2022-04-27 03:02:51
263,Hofn,64.2539,-15.2082,42.49,72,62,4.29,IS,2022-04-27 03:07:11
264,Grand Bel Air,-20.4064,57.6736,72.68,81,22,8.1,MU,2022-04-27 03:07:12
265,Staryy Nadym,65.6118,72.6842,34.3,99,100,18.59,RU,2022-04-27 03:07:12
266,Bethel,41.3712,-73.414,54.9,93,100,3.67,US,2022-04-27 03:07:12
267,Black River,18.0264,-77.8487,75.6,83,43,2.84,JM,2022-04-27 03:07:13
268,Plettenberg Bay,-34.0527,23.3716,55.22,77,0,3.36,ZA,2022-04-27 03:07:13
269,Port Hedland,-20.3167,118.5667,84.25,54,100,9.22,AU,2022-04-27 03:07:14
270,Kasama,-10.2129,31.1808,59.43,98,100,3.02,ZM,2022-04-27 03:07:14
271,Zhigalovo,54.8097,105.1578,42.84,60,100,11.74,RU,2022-04-27 03:07:15
272,Sabang,5.8933,95.3214,84.09,76,100,9.73,ID,2022-04-27 03:07:15
273,Quelimane,-17.8786,36.8883,70.56,96,67,4.23,MZ,2022-04-27 03:07:16
274,Alwaye,10.1167,76.35,82.35,83,20,4.61,IN,2022-04-27 03:08:16
275,Adre,13.4667,22.2,80.06,33,86,3.58,TD,2022-04-27 03:08:16
276,Kieta,-6.2167,155.6333,85.42,68,28,4.36,PG,2022-04-27 03:08:17
277,Yumen,40.2833,97.2,58.05,32,42,17.11,CN,2022-04-27 03:08:17
278,Narsaq,60.9167,-46.05,37.62,89,100,4.34,GL,2022-04-27 03:08:18
279,Jambi,-1.6,103.6167,89.51,62,89,0.47,ID,2022-04-27 03:03:54
280,Rapid Valley,44.0625,-103.1463,53.33,47,0,10.36,US,2022-04-27 03:08:18
281,Wad Madani,14.4012,33.5199,88.81,15,100,10.96,SD,2022-04-27 03:08:19
282,Gat,31.61,34.7642,71.4,77,52,4.47,IL,2022-04-27 03:08:19
283,Kidal,18.4411,1.4078,76.12,25,0,10.85,ML,2022-04-27 03:08:20
284,Lata,40.1629,-8.3327,51.93,96,3,2.01,PT,2022-04-27 03:08:20
285,Dunedin,-45.8742,170.5036,54.81,80,84,3.0,NZ,2022-04-27 03:08:20
286,Sao Geraldo Do Araguaia,-6.4006,-48.555,75.47,87,95,1.39,BR,2022-04-27 03:08:21
287,Tame,6.461,-71.73,73.54,87,100,2.59,CO,2022-04-27 03:08:21
288,Scarborough,54.2797,-0.4044,44.17,73,21,5.99,GB,2022-04-27 03:08:22
289,Nanortalik,60.1432,-45.2371,36.61,81,100,9.17,GL,2022-04-27 03:08:22
290,Huescar,37.811,-2.5412,56.26,77,100,1.59,ES,2022-04-27 03:08:23
291,Ribeira Grande,38.5167,-28.7,63.23,94,96,24.25,PT,2022-04-27 03:08:23
292,Ogdensburg,44.6942,-75.4863,47.5,81,100,6.91,US,2022-04-27 03:07:39
293,Caravelas,-17.7125,-39.2481,74.64,80,0,4.81,BR,2022-04-27 03:08:23
294,Faya,18.3851,42.4509,50.52,52,0,3.8,SA,2022-04-27 03:08:24
295,Billings,45.7833,-108.5007,59.5,43,40,9.22,US,2022-04-27 03:05:42
296,Khani,41.9563,42.9566,38.77,79,43,3.09,GE,2022-04-27 03:08:24
297,Srednekolymsk,67.45,153.6833,25.47,92,100,11.61,RU,2022-04-27 03:08:25
298,Santiago,-33.4569,-70.6483,51.44,77,100,4.83,CL,2022-04-27 03:05:00
299,Karatau,43.1667,70.4667,58.17,45,2,3.87,KZ,2022-04-27 03:08:25
300,Bow Island,49.8668,-111.3684,51.01,81,100,8.57,CA,2022-04-27 03:08:26
301,Teluknaga,-6.0989,106.6381,90.03,77,75,4.61,ID,2022-04-27 03:08:26
302,Otradnoye,59.7775,30.8181,33.96,93,66,3.91,RU,2022-04-27 03:08:27
303,Port Moresby,-9.4431,147.1797,84.16,71,82,6.02,PG,2022-04-27 03:08:27
304,Livadiya,42.8692,132.6764,51.71,37,0,15.55,RU,2022-04-27 03:08:27
305,Tecolutla,20.4833,-97.0167,75.27,85,58,7.72,MX,2022-04-27 03:08:28
306,Santa Vitoria Do Palmar,-33.5189,-53.3681,69.03,93,100,14.79,BR,2022-04-27 03:06:15
307,Lamu,-2.2717,40.902,80.82,82,68,9.15,KE,2022-04-27 03:08:28
308,Khudumelapye,-23.8833,24.75,58.46,43,0,7.23,BW,2022-04-27 03:08:29
309,Thunder Bay,48.4001,-89.3168,29.28,51,100,1.99,CA,2022-04-27 03:05:39
310,Manokwari,-0.8667,134.0833,84.81,66,100,7.65,ID,2022-04-27 03:08:29
311,Caucaia,-3.7361,-38.6531,80.55,81,75,11.5,BR,2022-04-27 03:08:30
312,Miri,4.4148,114.0089,81.05,83,100,9.17,MY,2022-04-27 03:08:30
313,Struer,56.4912,8.5838,41.0,91,28,4.07,DK,2022-04-27 03:08:31
314,Ginda,30.6945,78.4932,75.49,16,0,2.8,IN,2022-04-27 03:08:31
315,Oga,46.4631,10.347,31.8,89,28,3.8,IT,2022-04-27 03:08:31
316,Lompoc,34.6391,-120.4579,55.94,77,0,24.0,US,2022-04-27 03:08:28
317,Sorland,67.667,12.6934,32.88,53,100,17.09,NO,2022-04-27 03:08:32
318,The Valley,18.217,-63.0578,77.83,66,92,14.94,AI,2022-04-27 03:04:53
319,Asfi,32.2994,-9.2372,59.16,81,7,9.33,MA,2022-04-27 03:08:33
320,Ribas Do Rio Pardo,-20.4431,-53.7592,74.01,72,61,4.38,BR,2022-04-27 03:08:33
321,Pandan,14.0453,124.1694,83.41,83,95,13.0,PH,2022-04-27 03:09:33
322,Kaitong,44.8135,123.15,55.63,13,6,17.52,CN,2022-04-27 03:09:34
323,Kijang,35.2442,129.2139,69.53,62,100,17.54,KR,2022-04-27 03:08:59
324,Fare,-16.7,-151.0167,82.63,66,30,20.24,PF,2022-04-27 03:09:34
325,Maningrida,-12.0667,134.2667,87.21,61,76,2.66,AU,2022-04-27 03:09:35
326,Labytnangi,66.6572,66.4183,33.46,100,100,13.62,RU,2022-04-27 03:09:35
327,Saint Anthony,45.0205,-93.218,36.93,56,0,10.36,US,2022-04-27 03:09:36
328,Calama,-22.4667,-68.9333,45.09,24,0,13.8,CL,2022-04-27 03:07:03
329,Villazon,-22.0866,-65.5942,50.97,8,75,8.3,BO,2022-04-27 03:09:36
330,Sungaipenuh,-2.0833,101.3833,77.79,61,84,1.68,ID,2022-04-27 03:09:36
331,Kenai,60.5544,-151.2583,56.03,42,0,11.5,US,2022-04-27 03:09:17
332,Talnakh,69.4865,88.3972,20.21,90,99,11.14,RU,2022-04-27 03:09:21
333,Mashhad,36.297,59.6062,64.54,68,40,4.61,IR,2022-04-27 03:09:37
334,Namatanai,-3.6667,152.4333,85.8,68,12,10.51,PG,2022-04-27 03:09:38
335,Pachino,36.7186,15.0907,59.14,66,0,7.9,IT,2022-04-27 03:09:38
336,Angermunde,53.015,13.9992,49.32,80,85,5.35,DE,2022-04-27 03:09:39
337,Genhe,50.7833,121.5167,39.16,33,96,11.61,CN,2022-04-27 03:05:23
338,Mount Isa,-20.7333,139.5,83.97,51,40,3.44,AU,2022-04-27 03:08:06
339,La Libertad,-2.2333,-80.9,72.27,82,17,6.69,EC,2022-04-27 03:09:39
340,Krasnoselkup,65.7,82.4667,28.63,86,100,16.46,RU,2022-04-27 03:09:40
341,Coos Bay,43.3665,-124.2179,51.31,87,20,4.61,US,2022-04-27 03:09:40
342,Giyon,8.5333,37.9833,59.45,69,66,5.21,ET,2022-04-27 03:09:41
343,Lagoa,39.05,-27.9833,61.56,93,66,22.57,PT,2022-04-27 03:09:41
344,Oyama,36.3,139.8,80.58,61,100,0.51,JP,2022-04-27 03:09:41
345,Tautira,-17.7333,-149.15,81.54,75,41,20.0,PF,2022-04-27 03:09:42
346,Yeppoon,-23.1333,150.7333,80.38,72,33,16.2,AU,2022-04-27 03:09:42
347,Moncao,42.0789,-8.4808,56.3,97,3,3.31,PT,2022-04-27 03:09:43
348,Guozhen,34.3659,107.359,69.85,66,95,5.93,CN,2022-04-27 03:09:43
349,Korla,41.7597,86.1469,60.57,36,2,12.62,CN,2022-04-27 03:09:44
350,Najran,17.4924,44.1277,69.6,50,1,0.6,SA,2022-04-27 03:09:44
351,Cayenne,4.9333,-52.3333,82.09,1,20,1.99,GF,2022-04-27 03:09:44
352,Vila Velha,-20.3297,-40.2925,72.95,95,4,4.65,BR,2022-04-27 03:05:10
353,Yulara,-25.2406,130.9889,82.24,23,84,9.22,AU,2022-04-27 03:09:45
354,Naze,28.3667,129.4833,70.72,78,100,14.7,JP,2022-04-27 03:09:45
355,Salinopolis,-0.6136,-47.3561,77.27,88,100,8.12,BR,2022-04-27 03:09:46
356,Laguna,38.421,-121.4238,69.62,49,0,9.22,US,2022-04-27 03:08:57
357,Belyy Yar,53.6039,91.3903,48.09,37,0,4.47,RU,2022-04-27 03:09:46
358,Bosaso,11.2842,49.1816,81.75,68,5,7.85,SO,2022-04-27 03:09:47
359,Ancud,-41.8697,-73.8203,45.91,77,100,12.53,CL,2022-04-27 03:09:47
360,Baruun-Urt,46.6806,113.2792,45.43,13,7,11.97,MN,2022-04-27 03:09:47
361,Ranong,9.9658,98.6348,87.73,66,100,2.62,TH,2022-04-27 03:09:49
362,Cidreira,-30.1811,-50.2056,71.38,90,54,15.57,BR,2022-04-27 03:09:49
363,Yerbogachen,61.2767,108.0108,36.57,53,51,10.67,RU,2022-04-27 03:09:50
364,Laukaa,58.7372,29.8453,30.67,86,6,4.81,RU,2022-04-27 03:09:50
365,Camabatela,-8.1881,15.375,62.2,95,92,2.75,AO,2022-04-27 03:09:50
366,Satka,55.0425,59.04,54.81,62,76,9.51,RU,2022-04-27 03:09:51
367,Gigmoto,13.7796,124.39,84.74,78,99,12.26,PH,2022-04-27 03:10:51
368,Verkhnevilyuysk,63.4453,120.3167,31.59,68,79,3.98,RU,2022-04-27 03:10:52
369,Tiznit,29.5833,-9.5,54.23,88,20,1.74,MA,2022-04-27 03:10:52
370,Shenxian,36.2411,115.6672,68.83,20,97,8.39,CN,2022-04-27 03:10:52
371,Thomasville,35.8826,-80.082,60.89,63,83,1.99,US,2022-04-27 03:09:13
372,Lodja,-3.4833,23.4333,66.58,98,100,1.52,CD,2022-04-27 03:10:53
373,Burdur,37.7203,30.2908,48.9,62,0,0.0,TR,2022-04-27 03:10:53
374,Allapalli,19.4167,80.0667,95.9,29,11,6.6,IN,2022-04-27 03:10:53
375,Lufilufi,-13.8745,-171.5986,81.63,69,94,6.06,WS,2022-04-27 03:10:54
376,Krutinka,56.0055,71.5113,50.2,58,37,10.63,RU,2022-04-27 03:10:54
377,Camapua,-19.5314,-54.0439,73.33,71,59,3.0,BR,2022-04-27 03:10:55
378,Ouesso,1.6136,16.0517,70.57,99,100,0.96,CG,2022-04-27 03:10:55
379,Havelock,34.8791,-76.9013,66.94,93,75,0.0,US,2022-04-27 03:06:36
380,Guadalupe,25.6833,-100.25,73.4,83,75,6.91,MX,2022-04-27 03:10:55
381,Puri,19.8,85.85,86.52,76,2,14.94,IN,2022-04-27 03:10:56
382,Ugoofaaru,5.6667,73.0,84.7,69,79,0.58,MV,2022-04-27 03:10:56
383,Moerai,-22.4333,-151.3333,80.1,80,87,14.18,PF,2022-04-27 03:10:56
384,Ukiah,39.1502,-123.2078,57.65,50,0,9.22,US,2022-04-27 03:08:57
385,Babu,24.4167,111.5167,81.59,81,77,2.89,CN,2022-04-27 03:10:57
386,Santa Maria,-29.6842,-53.8069,75.04,81,28,9.62,BR,2022-04-27 03:10:57
387,Ixtapa,20.7,-105.2,74.43,83,0,0.0,MX,2022-04-27 03:06:03
388,Basco,20.4487,121.9702,83.14,76,47,16.08,PH,2022-04-27 03:10:58
389,Tocopilla,-22.092,-70.1979,65.91,71,89,8.86,CL,2022-04-27 03:10:58
390,Bilsi,28.1333,78.9167,95.31,10,0,4.18,IN,2022-04-27 03:10:59
391,Guarda,40.5373,-7.2658,37.24,96,10,2.55,PT,2022-04-27 03:10:59
392,Jawhar,2.7809,45.5005,78.67,81,100,5.35,SO,2022-04-27 03:11:00
393,Ternate,0.8,127.4,86.2,66,34,1.48,ID,2022-04-27 03:11:00
394,Ascension,30.2169,-90.9001,68.09,78,0,3.44,US,2022-04-27 03:11:00
395,Vanavara,60.34,102.2797,37.33,61,39,10.2,RU,2022-04-27 03:11:01
396,Wageningen,51.9667,5.6667,41.86,91,1,3.74,NL,2022-04-27 03:11:01
397,Altamira,-3.2033,-52.2064,72.84,98,100,0.18,BR,2022-04-27 03:11:02
398,Maromitsa,59.8683,48.0123,40.37,88,57,2.8,RU,2022-04-27 03:11:02
399,Mount Gambier,-37.8333,140.7667,66.22,62,97,8.68,AU,2022-04-27 03:11:02
400,Sept-Iles,50.2001,-66.3821,35.06,96,100,0.0,CA,2022-04-27 03:08:07
401,Sartell,45.6216,-94.2069,31.96,64,0,7.0,US,2022-04-27 03:11:03
402,Hartselle,34.4434,-86.9353,54.81,65,0,10.02,US,2022-04-27 03:11:04
403,Jalu,29.0331,21.5482,72.82,21,94,14.45,LY,2022-04-27 03:11:04
404,Tonantins,-2.8731,-67.8022,73.62,99,100,3.22,BR,2022-04-27 03:11:04
405,Antofagasta,-23.65,-70.4,60.08,80,100,6.29,CL,2022-04-27 03:10:28
406,Avera,33.194,-82.5271,67.51,82,100,4.97,US,2022-04-27 03:11:05
407,Mar Del Plata,-38.0023,-57.5575,62.87,99,100,13.0,AR,2022-04-27 03:07:50
408,Freeport,40.6576,-73.5832,58.37,84,100,4.61,US,2022-04-27 03:11:06
409,Mayo,38.8876,-76.5119,60.75,86,75,5.75,US,2022-04-27 03:11:06
410,Baykit,61.67,96.37,35.71,65,20,4.05,RU,2022-04-27 03:11:07
411,Tabou,4.423,-7.3528,78.96,84,100,5.79,CI,2022-04-27 03:11:07
412,Bahia Honda,22.9036,-83.1592,74.52,84,5,10.74,CU,2022-04-27 03:11:07
413,Kiama,-34.6833,150.8667,68.38,91,100,5.3,AU,2022-04-27 03:12:08
414,Pustoshka,56.3355,29.369,38.21,78,91,3.15,RU,2022-04-27 03:12:08
415,Pemba,-12.974,40.5178,75.9,100,75,6.91,MZ,2022-04-27 03:12:09
416,Bastia,42.6667,9.3333,54.3,90,75,3.44,FR,2022-04-27 03:11:15
417,Matola,-25.9622,32.4589,62.55,77,20,10.36,MZ,2022-04-27 03:10:17
418,Minyar,55.0709,57.5485,55.96,61,91,9.42,RU,2022-04-27 03:12:10
419,Nongan,44.382,125.1685,54.41,19,1,15.23,CN,2022-04-27 03:12:10
420,Gualeguay,-33.1416,-59.3097,74.44,92,39,14.07,AR,2022-04-27 03:12:10
421,Rodrigues Alves,-7.738,-72.6509,75.15,89,100,2.01,BR,2022-04-27 03:12:11
422,Tual,-5.6667,132.75,84.07,73,84,5.3,ID,2022-04-27 03:12:11
423,Inhambane,-23.865,35.3833,69.39,69,0,10.74,MZ,2022-04-27 03:12:12
424,Georgetown,5.4112,100.3354,89.53,66,20,4.61,MY,2022-04-27 03:09:55
425,Shingu,33.7333,135.9833,75.61,80,100,1.83,JP,2022-04-27 03:12:13
426,Sandviken,60.6167,16.7667,28.11,58,99,6.13,SE,2022-04-27 03:12:13
427,Kulachi,31.9286,70.4592,91.2,15,23,0.94,PK,2022-04-27 03:08:21
428,Christchurch,-43.5333,172.6333,62.94,67,40,10.36,NZ,2022-04-27 03:07:45
429,Saint Austell,50.3383,-4.7658,49.01,76,42,11.5,GB,2022-04-27 03:12:14
430,Beyneu,45.3167,55.2,59.7,45,10,14.38,KZ,2022-04-27 03:12:14
431,Sao Gabriel Da Cachoeira,-0.1303,-67.0892,71.98,99,100,0.83,BR,2022-04-27 03:12:15
432,Saint-Ambroise,48.5501,-71.3324,38.89,98,100,1.66,CA,2022-04-27 03:12:15
433,Praia Da Vitoria,38.7333,-27.0667,63.75,93,64,21.54,PT,2022-04-27 03:12:16
434,Alta Gracia,-31.6529,-64.4283,77.31,54,0,8.99,AR,2022-04-27 03:12:16
435,Gudari,19.35,83.7833,95.5,40,43,2.64,IN,2022-04-27 03:12:17
436,Tourlaville,49.6383,-1.5664,47.62,76,0,9.22,FR,2022-04-27 03:12:17
437,Caceres,39.522,-6.3748,48.33,92,1,2.35,ES,2022-04-27 03:12:18
438,Kisangani,0.5167,25.2,70.75,96,100,2.46,CD,2022-04-27 03:12:18
439,Iqaluit,63.7506,-68.5145,-15.25,93,34,1.39,CA,2022-04-27 03:11:11
440,Rio Gallegos,-51.6226,-69.2181,37.45,81,100,14.97,AR,2022-04-27 03:12:19
441,Nichinan,31.6,131.3667,71.2,95,100,5.91,JP,2022-04-27 03:12:19
442,Luderitz,-26.6481,15.1594,63.45,49,0,7.67,NA,2022-04-27 03:12:20
443,Salalah,17.0151,54.0924,82.49,74,40,2.3,OM,2022-04-27 03:08:54
444,Campbell River,50.0163,-125.2446,41.45,100,75,2.3,CA,2022-04-27 03:08:57
445,Mareeba,-17.0,145.4333,84.43,69,45,4.47,AU,2022-04-27 03:12:20
446,Leningradskiy,69.3833,178.4167,21.76,88,84,13.33,RU,2022-04-27 03:12:21
447,Palmer,42.1584,-72.3287,52.95,88,100,0.0,US,2022-04-27 03:12:21
448,Comodoro Rivadavia,-45.8667,-67.5,42.66,52,20,11.5,AR,2022-04-27 03:12:22
449,Golden,39.7555,-105.2211,64.36,23,45,3.0,US,2022-04-27 03:12:22
450,Sobolevo,54.4299,31.8996,39.2,84,100,6.42,RU,2022-04-27 03:12:22
451,Qaqortoq,60.7167,-46.0333,36.63,88,100,4.92,GL,2022-04-27 03:12:23
452,Tilichiki,60.4667,166.1,31.91,99,100,6.2,RU,2022-04-27 03:12:23
453,Xam Nua,20.4197,104.0439,90.73,30,0,5.19,LA,2022-04-27 03:12:24
454,Sakaiminato,35.55,133.2333,59.63,69,100,17.58,JP,2022-04-27 03:12:24
455,Yankton,42.8711,-97.3973,53.11,40,0,21.85,US,2022-04-27 03:12:24
456,Pacifica,37.6138,-122.4869,58.57,78,20,23.02,US,2022-04-27 03:12:25
457,Viransehir,37.2353,39.7631,57.81,78,28,3.71,TR,2022-04-27 03:12:25
458,San Patricio,28.017,-97.5169,73.89,84,17,7.78,US,2022-04-27 03:12:26
459,Dawei,14.0833,98.2,91.54,53,73,5.82,MM,2022-04-27 03:08:09
460,Marawi,7.9986,124.2928,81.37,71,77,2.68,PH,2022-04-27 03:12:26
461,Kupang,-10.1667,123.5833,85.73,53,100,2.42,ID,2022-04-27 03:13:27
462,Shamkhal,43.0596,47.3373,55.38,64,50,5.88,RU,2022-04-27 03:13:27
463,Bandarbeyla,9.4942,50.8122,81.36,79,46,4.85,SO,2022-04-27 03:13:28
464,Suket,24.65,76.0333,93.49,17,0,11.18,IN,2022-04-27 03:13:28
465,Gravdal,68.1214,13.5031,28.29,64,40,8.05,NO,2022-04-27 03:13:29
466,Wadi Maliz,36.4681,8.5495,56.86,44,1,1.83,TN,2022-04-27 03:13:29
467,Santa Cruz De La Palma,28.6835,-17.7642,62.74,63,40,9.22,ES,2022-04-27 03:13:29
468,Minab,27.1467,57.0801,85.75,39,71,2.57,IR,2022-04-27 03:13:30
469,Soyo,-6.1349,12.3689,76.98,90,100,7.4,AO,2022-04-27 03:13:30
470,Ola,59.5833,151.2833,35.15,54,15,4.27,RU,2022-04-27 03:13:31
471,Jashpurnagar,22.9,84.15,96.17,10,30,0.76,IN,2022-04-27 03:13:32
472,Caraquet,47.7941,-64.9386,42.13,96,100,5.1,CA,2022-04-27 03:13:32
473,Normandin,48.8333,-72.5321,35.82,90,100,6.91,CA,2022-04-27 03:13:32
474,Walvis Bay,-22.9575,14.5053,59.09,58,3,5.26,NA,2022-04-27 03:13:33
475,Harper,4.375,-7.7169,79.02,84,100,6.24,LR,2022-04-27 03:13:33
476,Kalmunai,7.4167,81.8167,83.95,73,79,3.83,LK,2022-04-27 03:13:33
477,San Rafael,-34.6177,-68.3301,54.68,45,16,5.46,AR,2022-04-27 03:13:34
478,Hamilton,39.1834,-84.5333,47.73,70,0,5.75,US,2022-04-27 03:08:49
479,Poso,-1.3959,120.7524,84.43,70,100,1.41,ID,2022-04-27 03:13:34
480,Bluefields,12.0137,-83.7635,76.6,92,82,6.98,NI,2022-04-27 03:13:35
481,Miraflores,19.2167,-98.8083,63.03,70,98,4.45,MX,2022-04-27 03:13:35
482,Vestmanna,62.1564,-7.1664,32.92,80,40,1.14,FO,2022-04-27 03:13:36
483,Culaman,5.9603,125.6586,82.08,78,100,5.17,PH,2022-04-27 03:13:36
484,Ayr,55.4627,-4.6339,44.51,87,75,8.05,GB,2022-04-27 03:13:36
485,Taksimo,56.3444,114.8794,36.77,38,88,2.01,RU,2022-04-27 03:13:37
486,Livingston,55.9029,-3.5226,41.27,88,100,4.61,GB,2022-04-27 03:13:37
487,Waipawa,-41.4122,175.5153,55.33,71,51,11.56,NZ,2022-04-27 03:11:54
488,Gornji Milanovac,44.0333,20.45,42.89,91,6,1.28,RS,2022-04-27 03:13:38
489,Aripuana,-9.1667,-60.6333,78.17,74,100,1.99,BR,2022-04-27 03:13:38
490,Pangkalanbuun,-2.6833,111.6167,90.21,54,90,3.47,ID,2022-04-27 03:13:39
491,Egvekinot,66.3167,-179.1667,28.36,87,99,2.01,RU,2022-04-27 03:13:39
492,Quibor,9.9287,-69.6201,72.82,88,100,3.69,VE,2022-04-27 03:13:39
493,Namanyere,-7.5167,31.05,59.11,96,99,5.61,TZ,2022-04-27 03:13:40
494,Vallenar,-28.5708,-70.7581,58.53,74,0,2.73,CL,2022-04-27 03:13:40
495,Saryozek,44.3583,77.9753,55.04,42,100,3.56,KZ,2022-04-27 03:13:41
496,Reitz,-27.8014,28.4273,39.76,91,0,7.0,ZA,2022-04-27 03:13:41
497,Tandil,-37.3217,-59.1332,62.69,99,100,10.54,AR,2022-04-27 03:11:20
498,Wanaka,-44.7,169.15,63.1,57,16,1.99,NZ,2022-04-27 03:13:42
499,Laon,49.5667,3.6667,37.87,89,12,4.65,FR,2022-04-27 03:13:42
500,Sioux Lookout,50.1001,-91.917,19.38,96,100,3.53,CA,2022-04-27 03:13:42
501,Paeroa,-37.3667,175.6667,68.29,50,99,4.32,NZ,2022-04-27 03:13:43
502,Bud,39.447,-86.1758,47.05,70,0,5.91,US,2022-04-27 03:13:43
503,Yenangyaung,20.4667,94.8833,92.89,46,1,4.81,MM,2022-04-27 03:13:43
504,Qingdao,36.0986,120.3719,65.8,24,0,8.95,CN,2022-04-27 03:13:44
505,Yima,34.7381,111.8839,62.24,27,78,18.66,CN,2022-04-27 03:13:44
506,Xai-Xai,-25.0519,33.6442,69.87,75,64,14.43,MZ,2022-04-27 03:13:45
507,Cairns,-16.9167,145.7667,89.06,67,40,10.36,AU,2022-04-27 03:13:45
508,Bilibino,68.0546,166.4372,32.04,79,100,3.71,RU,2022-04-27 03:10:53
509,General Teran,25.2667,-99.6833,69.21,83,87,8.23,MX,2022-04-27 03:14:45
510,Midland,31.9974,-102.0779,66.87,51,0,12.66,US,2022-04-27 03:14:46
511,Ocotepec,17.2167,-93.15,58.17,94,72,3.56,MX,2022-04-27 03:14:46
512,Ilulissat,69.2167,-51.1,37.42,75,100,12.66,GL,2022-04-27 03:14:47
513,Kotri,25.366,68.3122,87.91,45,0,15.75,PK,2022-04-27 03:14:47
514,Boyolangu,-8.1181,111.8935,85.41,69,100,2.39,ID,2022-04-27 03:14:48
515,Dongsheng,39.8161,109.9776,49.05,44,100,9.91,CN,2022-04-27 03:14:48
516,San Quintin,30.4833,-115.95,60.89,83,78,8.72,MX,2022-04-27 03:14:48
517,Hualmay,-11.0964,-77.6139,66.61,89,94,7.94,PE,2022-04-27 03:14:49
518,Mandurah,-32.55,115.7,65.91,64,14,12.82,AU,2022-04-27 03:14:49
519,Maldonado,-34.6667,-54.9167,73.22,88,88,20.69,UY,2022-04-27 03:14:50
520,Miles City,46.4083,-105.8406,52.77,54,20,19.57,US,2022-04-27 03:13:09
521,Ewo,-0.8725,14.8206,71.08,93,100,5.3,CG,2022-04-27 03:14:50
522,Maputo,-25.9653,32.5892,62.28,77,20,10.36,MZ,2022-04-27 03:14:50
523,Mae Sai,20.4335,99.8762,97.07,32,20,1.54,TH,2022-04-27 03:14:51
524,Wagar,16.1525,36.2032,83.93,30,36,7.65,SD,2022-04-27 03:14:51
525,Dvinskoy,62.1535,45.1175,35.31,98,100,4.65,RU,2022-04-27 03:14:52
526,Lokosovo,61.1333,74.8167,38.68,90,100,13.89,RU,2022-04-27 03:14:52
527,Diapaga,12.0708,1.7889,85.23,13,45,3.6,BF,2022-04-27 03:14:53
528,Songjianghe,42.1859,127.479,50.07,23,14,11.27,CN,2022-04-27 03:14:53
529,Mancora,-4.1078,-81.0475,73.54,73,33,5.26,PE,2022-04-27 03:14:53
530,Bacong,9.2464,123.2956,85.46,75,90,11.05,PH,2022-04-27 03:14:54
531,Ossora,59.2353,163.0719,33.49,90,44,6.11,RU,2022-04-27 03:14:54
532,Snasa,64.2457,12.3778,27.75,97,100,4.56,NO,2022-04-27 03:14:55
533,College,64.8569,-147.8028,50.32,40,75,3.44,US,2022-04-27 03:14:55
534,Berezovyy,51.6667,135.7,30.88,90,100,11.68,RU,2022-04-27 03:10:28
535,Lander,42.833,-108.7307,56.21,28,0,12.66,US,2022-04-27 03:12:31
536,Hasaki,35.7333,140.8333,77.29,82,100,20.54,JP,2022-04-27 03:14:56
537,Shitanjing,39.2342,106.3439,47.77,14,100,14.61,CN,2022-04-27 03:14:56
538,Cockburn Town,21.4612,-71.1419,76.84,68,0,17.52,TC,2022-04-27 03:14:56
539,Rochegda,62.8,43.25,27.64,95,100,9.89,RU,2022-04-27 03:14:57
540,Itoman,26.1247,127.6694,83.17,86,75,13.8,JP,2022-04-27 03:13:14
541,Nikki,9.9401,3.2108,78.51,72,58,8.99,BJ,2022-04-27 03:14:57
542,Lerwick,60.1545,-1.1494,37.4,67,94,6.69,GB,2022-04-27 03:14:58
543,El Dorado,38.7666,-120.5177,57.78,61,3,1.99,US,2022-04-27 03:14:58
544,Niamey,13.5137,2.1098,85.1,16,94,5.48,NE,2022-04-27 03:14:58
545,Inuvik,68.3499,-133.7218,20.16,93,75,5.75,CA,2022-04-27 03:14:59
546,Cuamba,-14.8031,36.5372,64.92,98,100,4.47,MZ,2022-04-27 03:12:45
547,Oum Hadjer,13.2954,19.6966,88.77,27,91,2.17,TD,2022-04-27 03:12:58
548,San Cristobal,7.7669,-72.225,64.58,95,100,1.01,VE,2022-04-27 03:10:41
549,Makasar,-5.14,119.4221,87.85,74,20,4.61,ID,2022-04-27 03:15:00
550,Hanzhong,33.0728,107.0303,68.18,76,96,2.59,CN,2022-04-27 03:15:00
551,Padre Paraiso,-17.0742,-41.4844,63.7,99,25,2.93,BR,2022-04-27 03:15:00
552,Cabo San Lucas,22.8909,-109.9124,78.1,52,0,3.0,MX,2022-04-27 03:10:03
553,Nikolayevskaya,47.6139,41.5023,60.21,78,100,5.97,RU,2022-04-27 03:15:01
554,Jodar,37.8406,-3.3526,55.49,87,100,0.45,ES,2022-04-27 03:15:01
555,Chunan,24.5277,110.548,80.8,81,97,0.76,CN,2022-04-27 03:15:02
556,Cam Ranh,11.9214,109.1591,87.76,66,20,9.22,VN,2022-04-27 03:15:02
557,Thrissur,10.5167,76.2167,82.38,70,50,2.26,IN,2022-04-27 03:16:03
558,Hay River,60.8156,-115.7999,42.78,61,75,8.05,CA,2022-04-27 03:16:03
559,Toguchin,55.2353,84.3858,51.04,48,0,4.99,RU,2022-04-27 03:16:04
560,Luang Prabang,19.8856,102.1347,82.36,74,75,6.91,LA,2022-04-27 03:16:04
561,Pavlodar,52.3,76.95,53.4,54,0,4.47,KZ,2022-04-27 03:16:04
562,Robe,-37.1833,139.75,64.06,76,98,11.43,AU,2022-04-27 03:16:05
563,Solnechnyy,50.7214,136.6319,28.76,93,100,17.38,RU,2022-04-27 03:16:05
564,Wanning,18.8003,110.3967,86.49,69,0,13.04,CN,2022-04-27 03:16:06
565,Lahat,-3.8,103.5333,87.48,61,85,1.68,ID,2022-04-27 03:16:06
566,Matara,5.9485,80.5353,83.05,77,63,1.54,LK,2022-04-27 03:16:07
567,Szekesfehervar,47.1899,18.4103,51.71,92,100,7.81,HU,2022-04-27 03:16:07
568,North Little Rock,34.7695,-92.2671,56.01,75,0,5.01,US,2022-04-27 03:16:08
569,Ishigaki,24.3448,124.1572,86.13,79,40,16.11,JP,2022-04-27 03:16:08
570,Ailigandi,9.2333,-78.0167,79.97,85,100,3.42,PA,2022-04-27 03:16:08
